candidate_name,sold_count_90d,median_price,p25_price,p75_price,price_stability,score,score_safe,pct_auction,pct_new,pct_used,pct_for_parts,pct_unknown,top5_titles
BMW E92 M3 220M wheels,240,559.5,311.77,649.0,0.447,237.265,224.296,1.2,38.8,61.2,0.0,0.0,"17"" BMW STYLE 24 E36 M3 EVO FORGED ALLOY WHEELS + MICHELIN PS4 TYRES VERY CLEAN ; GENUINE BMW G42 G20 M Performance 19"" 893M Alloy Wheels, Michelin Tyres. SUPERB! ; BMW 219m E90 E92 M3 Alloy wheels 18 OEM Genuine BBS 5x120 8.5j 9.5j michelin ; BMW Genuine m3 260m Alloys Wheels And Tyres Michelin pilot sport 5 ; BMW 17"" 3 Series E90 E92 E93 Genuine 194M Silver Wheels & New Kumho Tyres (For: BMW [E92] M3)"
BBS CH-R wheels BMW 5x120,237,595.0,363.7,699.0,0.489,226.798,207.905,0.8,53.2,46.8,0.0,0.0,Kerscher RS 9J+10Jx17 5x120 BMW E34 E36 E24 E12 E28 E31 BBS M3 oz ; Polished Rondell 0058 5x120 8.5J ET13 BMW E36/E39/E46 ; 4X19 Inches 5X120 HART Wheels HR84 Silver Wheels Fits For: BMW E39 E38 E60 E63 (For: BMW) ; BMW 219m E90 E92 M3 Alloy wheels 18 OEM Genuine BBS 5x120 8.5j 9.5j michelin ; BBS CH-R 20” Alloy Wheels 5x120 9x20 10.5x20 BMW Satin Silver
BMW F30 LCI LED headlights,235,300.0,158.35,450.0,0.72,115.381,115.381,0.0,29.4,70.6,0.0,0.0,BMW F30 F31 LCI Headlight Set Adaptive LED with ECU Headlight L+R ; 2011-2019 BMW F30 F31 Halogen To Led Upgrade Modified Headlights Plug & Play (For: BMW) ; BMW 3 SERIES F30 F31 F80 LCI SHADOW LED COMPLETE HEADLIGHTS LEFT AND RIGHT SIDE (For: BMW) ; BMW 3 Series F30 F31 2012-18 RHD LED Headlights Lamps Plug&Play 320 25 30 35 40 ; BMW 2 Series F22 F23 M2 F87 LCI Front Left Adaptive Icon Headlight & Modules
BMW M Performance carbon steering wheel F80,222,220.0,135.9,299.96,0.648,107.263,107.263,0.0,71.6,28.4,0.0,0.0,"CARBON FIBRE CUSTOM STEERING WHEEL fit BMW 4 SERIES G22 G82 G83 M4 M5 F90 G80 M3 ; GENUINE BMW M Performance Steering Wheel 32302413014. M2, M3, M4. Alcantara, 30E ; BMW Carbon LED Steering Wheel F10 F20 F30 F40 F80 M 1 2 3 4 5 ; BMW Carbon LED Steering Wheel F10 F20 F30 F40 F80 M 1 2 3 4 5 ; 2015-2018 BMW M3 M4 F80 F82 COMPETITION CARBON FIBER TRIM STEERING WHEEL"
BMW M Performance Alcantara steering wheel,236,202.82,135.68,270.27,0.744,92.241,92.241,0.0,61.9,38.1,0.0,0.0,"BMW Genuine LED Sports Display M Performance Steering wheel M2 F87 - 32302413015 ; BMW Genuine M Performance Steering Wheel Fits E82 E90 E90 LCI E92 32302212772 (For: BMW M) ; BMW M Performance Steering Wheel ; GENUINE BMW M Performance Steering Wheel 32302413014. M2, M3, M4. Alcantara, 30E ; BMW LED Alcantara Forged Carbon Steering Wheel 1 2 3 4 Series M2 M3 M4 M240i"
BMW G20 LCI laser headlights,229,250.0,75.0,405.0,1.242,64.085,64.085,0.4,37.6,62.4,0.0,0.0,BMW 5 SERIES G60 M5 i5 Black Edition Left Passenger Side LASER Headlight ; OEM BMW M3 M4 G22 G80 G82 G83 O/S DRIVER RIGHT SIDE SHADOW LASER LED HEADLIGHT ; 2024 BMW 320I LCI M SPORT G20 ENGINE + TURBO 2.0 PETROL B48B20A B48B20M1 (For: BMW) ; BMW 3 Series G20 G21 COMPLETE FRONT RIGHT DRIVERS SIDE LASER HEADLIGHT PRE LCI ; BMW G80 G82 M3 M4 I4-Series 2020-2025 Left Passenger Side LASER Shadow Headlight
BMW M Performance brake calipers F30,236,228.07,82.95,500.0,1.29,59.414,59.414,0.0,30.1,69.9,0.0,0.0,BMW F10 M5 - 2NH CCB - Brembo 6 piston Front Brake Calipers - F80 F82 F87 - Blue ; BMW 370 380mm M Performance Brembo Brake Calipers For: M2 M3 M4 F80 F82 F83 F87 ; New Rear BMW M2C F87 4-pot Red brake calipers 34218745797 & 34218745798 ; F8X M2/M3/M4 6 Piston Brake Kit - AMG W205 Calipers / KSystem.pro Brackets ; BMW 3 SERIES BRAKE CALIPERS & CARRIERS FULL SET F80 M3 COMPETITION 208422083 (For: BMW)
BMW F90 M5 706M wheels,239,249.95,99.5,599.0,1.424,56.873,56.873,0.8,46.0,54.0,0.0,0.0,"4 x OEM BMW M5 F90 2018+ 789M 20"" Alloy Wheels & Tyres (Excellent Condition) ; Genuine OEM BMW 7 5 Series GT 303M 20"" Alloy Wheels M Sport 303 F07 NO REPAIRS ! ; 4X19 Inches 5X120 HART Wheels HR84 Silver Wheels Fits For: BMW E39 E38 E60 E63 (For: BMW 1990 M5) ; BMW 219m E90 E92 M3 Alloy wheels 18 OEM Genuine BBS 5x120 8.5j 9.5j michelin ; BMW 20” 303M 5 SERIES F10 F11 TOURING ESTATE M SPORT ALLOY WHEELS & NEW TYRES"
BMW G80 M3 carbon bucket seats,235,179.99,89.54,404.94,1.467,46.766,46.766,0.0,72.3,27.7,0.0,0.0,"BMW 3 Series F80 M3 Individual White Interior Seats Door Cards (For: BMW M3) ; NEW BMW M2 G87 M3 G80 M4 G82 M PERFORMANCE CARBON FIBRE ENGINE COVER 11145B311A3 ; Infinity Design Carbon Fibre Gloss/Matte Intake Kit For BMW G80 G87 M2 M3 G82 M4 ; BMW M3, M4, F80, F82 Leather Heated Memory Seats ; BMW M3/M4 Dinan Performance Exhaust G80/G81 /G82 /G83 (2021-2026)"
BMW M Performance carbon mirror caps F80 F82,237,99.95,47.99,169.99,1.158,43.489,43.489,0.4,87.3,12.7,0.0,0.0,NEW BMW M2 F87 M3 F80 M4 F82 M PERFORMANCE CARBON FIBRE ENGINE COVER 11122413815 ; BMW M2/M3/M4 F80/F82/F87 CARBON FIBRE SPOILER - V3 ; NEW BMW M4 F82 M PERFORMANCE CARBON REAR BOOTLID SPOILER 51192350722 ; Genuine Bmw Carbon Mperformace Mirror Caps G80 G87 G82 G81 M2 M3 M4 ; Genuine Bmw Carbon Mperformace Mirror Caps G80 G87 G82 G81 M2 M3 M4
BMW G20 M Sport wheels,77,207.66,149.89,495.0,1.365,42.843,42.843,1.3,13.0,87.0,0.0,0.0,"GENUINE BMW G42 G20 M Performance 19"" 893M Alloy Wheels, Michelin Tyres. SUPERB! ; Genuine BMW 3 4 series 19” 797M Alloy Wheels Tyres G20 G21 G22 23 M Sport Plus ; BMW G20 Style M790 3 Or 4 Series M Sport Staggered 18” Alloy Wheels, NEW 5x112 ; Genuine BMW 3 4 series 19” 797M Alloy Wheels Tyres G20 G21 G22 23 M Sport Plus ; 19'' GENUINE BMW 3 SERIES 4 792 M SPORT G20 G21 G22 G23 ALLOY WHEELS TYRES"
BMW M Performance carbon shift paddles F80,235,94.45,54.19,149.99,1.219,40.25,40.25,0.0,55.7,44.3,0.0,0.0,NEW BMW M2 F87 M3 F80 M4 F82 M PERFORMANCE CARBON FIBRE ENGINE COVER 11122413815 ; CARBON FIBRE CUSTOM STEERING WHEEL fit BMW 4 SERIES G22 G82 G83 M4 M5 F90 G80 M3 ; LED Carbon Heat Steering Wheel for BMW F06 F12 M5 F30 F80 M3 F82 F20 F10 M Sport (For: BMW M) ; BMW LED Carbon Fibre Steering Wheel (F Series) F10 F20 F22 F30 F32 F87 F80 F82 ; BMW Custom LED Carbon Fibre Steering Wheel F Series F20/F22/F30/F31/F32/F33/F80
BMW F30 M Sport 400M wheels,65,144.95,74.9,299.9,1.247,37.446,37.446,1.5,1.5,98.5,0.0,0.0,"BMW 3 4 Series 18” 400 M Alloy Wheels Refurbished Gloss Black F30 E90 Genuine ; Genuine 18"" BMW 400M 3 & 4 Series Alloy Wheels F30 F31 F32: GLOSS BLACK & TYRES ; Genuine 18"" BMW 400M in OEM SILVER Alloy Wheels F30 F31 F32 F33 (USA SHIPPING) ; Genuine 18"" BMW 400M 3 4 Series Alloys Wheels F30 F31 F32 F33 REFURBISHED BLACK ; Genuine BMW 400m alloy wheels & tyres staggered 3 4 series 5x120 F30 31 32 E91"
BMW G80 M3 826M wheels,246,189.99,69.23,487.5,2.136,33.968,33.968,0.4,66.7,33.3,0.0,0.0,"4 Genuine BMW Alloy Wheel Styling 826 M 9.5Jx19 ET20 7882867 M2 G87 M3 G80 G81 M4 G82 ; BMw G80 G82 G87 M2 M3 M4 Edelweiss wheels and tyres ; BMW M3 M4 G80 G81 G82 G83 - Set of 4 19"" / 20"" 826M Alloy Wheels & Tyres - Black ; BMW M3 M4 G80 G81 G82 G83 - Set of 4 19"" / 20"" 826M Alloy Wheels & Tyres - Black ; GENUINE BMW G42 G20 M Performance 19"" 893M Alloy Wheels, Michelin Tyres. SUPERB!"
BMW M Performance digital cluster F80,222,115.05,40.5,213.73,1.655,33.05,33.05,1.4,68.9,31.1,0.0,0.0,BMW M3 M4 F80 F82 MPE M Performance Full Titanium Exhaust ; BMW M3/M4 Dinan Performance Exhaust G80/G81 /G82 /G83 (2021-2026) ; NEW BMW M2 F87 M3 F80 M4 F82 M PERFORMANCE CARBON FIBRE ENGINE COVER 11122413815 ; BMW 370 380mm M Performance Brembo Brake Calipers For: M2 M3 M4 F80 F82 F83 F87 ; Genuine BMW M Performance CarbonFibre Dash Alcantara 51459642617 G30 G20 G42 G80
BMW F80 M3 437M wheels,254,148.92,49.99,370.17,2.097,30.784,30.784,0.8,58.3,41.7,0.0,0.0,"Genuine BMW M437 19 Inch M3 F80 M4 F82 F83 Winter Wheels 437M Winter Tyres Rims ; BMW M3 F80 2015 INTERIOR SEATS 4 DOOR SALOON (For: BMW M3) ; 4 Genuine BMW Alloy Wheels Styling 437 M 9Jx19 ET29 2284550 M2 F87 M3 F80 M4 F82 F83 F ; GENUINE BMW 19"" M2 M3 M4 437M ALLOY WHEELS & TYRES TPMS F80 F82 F83 F87 ; 4 Genuine BMW Alloy Wheel Styling 437 M 9Jx19 ET29 2284550 M2 F87 M3 F80 M4 F82 F83 FB"
KW V3 coilovers BMW F80 M3,240,161.43,49.98,299.24,2.336,28.607,28.607,0.0,57.9,42.1,0.0,0.0,BMW M2 / M3 / M4 F80 F82 F83 F87 – BTCC Big Brake Kit – AP Racing CP9660 Complet ; KW Suspension V3 Coilover Kit Fits BMW M2 Coupe (F87) & M2 Competition (F87) ; KW Suspension V3 Coilover Kit For BMW M2 Coupe & M2 Competition - (352200BH) ; BMW M3 F80 2015 INTERIOR SEATS 4 DOOR SALOON (For: BMW M3) ; Ohlins Coilovers with Millway Camber Plates - BMW F80 M3/ F82 M4/F87 M2
Akrapovic exhaust BMW F80 M3,229,139.99,83.9,189.95,2.497,24.773,24.773,0.0,83.4,16.6,0.0,0.0,BMW F80 M3 M4 Akrapovic Titanium Exhaust System With Carbon Fibre Tips ; Milltek BMW M5 F90 Exhaust System Inc Competition Axle Back 80mm Black SSXBM1175 ; Milltek BMW M4 F82 Exhaust & M3 F80 Equal Length LOUDEST Polish Tips SSXBM1146 (For: BMW M3) ; BMW M3 M4 F80 F82 MPE M Performance Full Titanium Exhaust ; Eisenmann rear section VRSF Single Mid Pipe 2015 – 2019 BMW M3 M4 F80 F82
BMW M Performance carbon front splitter F80 M3,246,83.94,54.99,183.5,2.034,23.651,23.651,0.0,95.9,4.1,0.0,0.0,"GENUINE BMW G26 4 Series, i4, M Performance Front Splitter 51195A36851 Carbon. X ; Original BMW Carbon front splitter kit G80 / G81 M3 / G82 / G83 M4 51192475168 ; Original BMW Carbon front splitter kit G80 / G81 M3 / G82 / G83 M4 51192475168 ; NEW BMW M2 F87 M3 F80 M4 F82 M PERFORMANCE CARBON FIBRE ENGINE COVER 11122413815 ; Original BMW Carbon splitter G80 / G81 M3 / G82 / G83 M4 51192475168-factory 2nd"
BMW M Performance carbon engine cover F80,232,96.04,51.3,193.57,2.176,23.471,23.471,0.9,78.9,21.1,0.0,0.0,BMW M3 M4 F80 F82 F83 Full Lightweight Carbon Fibre Front Bumper ; NEW BMW M2 G87 M3 G80 M4 G82 M PERFORMANCE CARBON FIBRE ENGINE COVER 11145B311A3 ; For BMW F80 M3 F30 3 Series 2012-19 Carbon Fiber Rear Trunk Boot Lid Cover Trim ; Real Carbon Fibre Bonnet Engine Hood Lid Cover BMW F80 M3 F82 F83 M4 2014-2019 ; NEW BMW M2 F87 M3 F80 M4 F82 M PERFORMANCE CARBON FIBRE ENGINE COVER 11122413815
BMW F80 M3 carbon bonnet,239,88.99,49.24,172.5,2.438,20.368,20.368,0.0,85.4,14.6,0.0,0.0,BMW M3 M4 F80 F82 F83 Full Lightweight Carbon Fibre Front Bumper ; For BMW F80 M3 F30 3 Series 2012-19 Carbon Fiber Rear Trunk Boot Lid Cover Trim (For: BMW M3) ; Real Carbon Fibre Bonnet Engine Hood Lid Cover BMW F80 M3 F82 F83 M4 2014-2019 ; NEW BMW M2 F87 M3 F80 M4 F82 M PERFORMANCE CARBON FIBRE ENGINE COVER 11122413815 ; BMW M3 M4 F80 F82 GTS STYLE REAL CARBON FIBRE BONNET NEW
BMW M4 GTS carbon front lip,94,53.49,44.99,79.98,1.553,20.152,20.152,6.4,96.8,3.2,0.0,0.0,BMW F82 M4 M PERFORMANCE CARBON BODYKIT FRONT LIP REAR DIFFUSER SPOILER 2013-18 (For: BMW M4 GTS) ; For BMW F80 M3 F82 F83 M4 2014-2020 Real Carbon Front Bumper Lip Chin Spoiler (For: BMW M4 GTS) ; BMW M3 M4 Carbon Fibre Front Lip Splitter M Performance F80 F82 F83 by UKCarbon (For: BMW M4 GTS) ; Real Carbon Front Bumper Lip Spoiler Splitters For BMW F82 F83 M4 F80 M3 2014-19 (For: BMW M4 GTS) ; Fit For BMW F82 F83 M4 2014-2019 Real Carbon Side Skirts Extension Lip Spoiler (For: BMW M4 GTS)
Akrapovic exhaust BMW F87 M2 Competition,232,149.99,99.95,237.74,3.291,19.687,19.687,0.0,80.2,19.8,0.0,0.0,BMW M2 / M3 / M4 F80 F82 F83 F87 – BTCC Big Brake Kit – AP Racing CP9660 Complet ; Akrapovic Exhaust & Sound Kit Slip-On Line (Titanium) BMW M2 F87 Competition ; BMW F80 M3 M4 Akrapovic Titanium Exhaust System With Carbon Fibre Tips ; Milltek BMW M5 F90 Exhaust System Inc Competition Axle Back 80mm Black SSXBM1175 ; BMW M2 Competition F87 Milltek Exhaust Equal Length LOUDEST Carbon Tip SSXBM1139 (For: BMW M2 Competition)
BMW M Performance carbon rear diffuser F80 M3,242,75.99,48.98,175.21,2.557,18.019,18.019,0.4,88.0,11.6,0.0,0.4,BMW M5 G90 M Performance Carbon Fibre Rear Bumper Diffuser Set - 51755B6E579/580 ; NEW BMW M2 F87 M3 F80 M4 F82 M PERFORMANCE CARBON FIBRE ENGINE COVER 11122413815 ; GENUINE BMW G80 G82 M3 M4 M Performance Carbon Fibre Rear Diffuser 51128075031 ; Genuine BMW M Performance Carbon Fibre Rear Diffuser For G80 G81 G82 (BNIB) ; BMW M3 G80 M4 G82 G83 Carbon Fibre Front Splitter Lip M Performance by UKCarbon (For: BMW M3)
BMW M Performance exhaust F30 335i,235,85.0,49.99,189.99,2.849,17.085,17.085,0.4,77.9,21.7,0.0,0.4,"BMW M135i F20/F21 - Back Box Muffler Delete - Performance Exhaust ; BMW M3 M4 F80 F82 MPE M Performance Full Titanium Exhaust ; Downpipe DPF BMW N57 F30 F31 F34 F32 F33 F36 330D 335D 430D 435D Dx Xd 258 313 ; BMW Genuine F22/F23 M235i M Performance Exhaust With Chrome Tips 18302293766 ; 3"" CAT BACK VALVED EXHAUST SYSTEM STAINLESS FOR BMW 1 SERIES M140i F20 F21 16-19 (For: BMW)"
Bilstein B16 coilovers BMW E92 M3,237,52.8,21.99,160.99,3.413,11.32,11.32,0.0,79.7,19.8,0.0,0.4,"BC Racing BR-Series Coilovers for BMW M3 E92,E93 06-13 - Coupe ; BC Racing BR RA Coilovers for BMW E36 3 Series 92-98 323 328 (Excl M3) ; Bilstein B14 PSS Coilovers For BMW E90 / E92 330i / 330d / 335i / 335d & M Sport ; 47-120471 - Bilstein B14 PSS Coilover Kit For BMW E90 / E92 335i / 335d ; Bilstein B14 PSS Coilovers For BMW E90 / E92 330i / 330d / 335i / 335d & M Sport"
BMW M Performance carbon mirror caps G20 G80,236,52.18,28.57,180.67,3.587,10.714,10.714,0.0,87.3,12.7,0.0,0.0,"NEW BMW M2 G87 M3 G80 M4 G82 M PERFORMANCE CARBON FIBRE ENGINE COVER 11145B311A3 ; GENUINE BMW G26 4 Series, i4, M Performance Front Splitter 51195A36851 Carbon. X ; GENUINE BMW M2 G87 Carbon Fibre M Performance 51195A44DE2 / DE7. SIDE PAIR. 2X ; Genuine BMW M Performance CarbonFibre Dash Alcantara 51459642617 G30 G20 G42 G80 ; Genuine BMW G20 & G21 LCI M Performance Carbon Splitter (Pair)51.19.5.A4B.368/69"
Eisenmann exhaust BMW E92 M3,222,60.03,20.71,149.99,3.994,10.232,10.232,0.0,63.1,36.5,0.0,0.5,BMW E92 M3 Carbon Airbox And Plenum- Karbonius ; BMW E92 M3 CARBON FIBRE INTAKE PLENUM ; BMW 3 SERIES M3 E90-E92-E93 REAR DRIVESHAFT OFF/SIDE 2007>2013 (For: BMW [E92] M3) ; Scorpion M3 Exhaust E92 E90 Stainless Steel Half System Quad Daytona SBMB062 (For: BMW [E92] M3) ; BMW E90 E92 E93 M3 Diff Differential LSD 3.15 DCT 2283320 (For: BMW [E92] M3)
BMW M Performance carbon rear spoiler F80 M3,249,54.99,37.88,125.49,4.537,8.829,8.829,0.0,93.2,6.8,0.0,0.0,For 14-18 BMW F80 M3 M-Performance Extended CARBON FIBER Side Skirts Extension ; For 14-18 BMW F80 M3 Performance Style CARBON FIBER Side Skirts Panel Extension ; NEW BMW M2 F87 M3 F80 M4 F82 M PERFORMANCE CARBON FIBRE ENGINE COVER 11122413815 ; Genuine BMW front splitter-bumper spoiler fits BMW F80/82/LCI M3/M4 51192410360 ; BMW M2/M3/M4 F80/F82/F87 CARBON FIBRE SPOILER - V3
BMW NBT Evo iD6 retrofit,228,59.73,20.32,299.25,5.13,8.029,8.029,0.0,44.7,54.8,0.0,0.4,BMW NBT EVO ID6 Touch Screen Apple CarPlay + 6WB Cluster F30 F32 F34 F35 GT M3 ; BMW OEM i3 l01 NBT EVO ID6 GPS DAB+ Multimedia Infotainment Apple CarPlay 10.25 ; MINI OEM NBT EVO ID6 Apple CarPlay Touch Screen Multimedia F55 F56 F54 F57 F60 ; BMW OEM NBT EVO ID6 DAB+ GPS Touch Screen Apple CarPlay F30 F31 F34 F36 GT M3 ; BMW OEM NBT ID6 EVO F20 F21 F22 F23 F87 M Multimedia Apple CarPlay Infotainment
